ID;compulsory_education
10101;12,53
10201;12,56
10301;9,87
10302;10,39
10303;11,48
10304;13,97
10305;15,93
10306;10,14
10307;13,59
10308;14,23
10309;15,13
10310;15,23
10311;15,42
10312;12,01
10313;11,64
10314;14,29
10315;17,12
10316;11,56
10317;9,11
10318;12,59
10319;14,15
10320;9,15
10321;14,32
10322;11,31
10323;13,52
10401;17,02
10402;16,46
10403;19,18
10404;18,3
10405;20,36
10406;20,04
10407;25,12
10408;19,23
10409;17,77
10410;23,98
10411;17,57
10412;16,57
10413;12,76
10414;20,19
10415;19,17
10416;20,42
10417;15,34
10418;18,26
10419;15,67
10420;19,57
10421;20,45
10422;16,54
10423;20
10424;15,15
10425;26,29
10426;13,64
10427;18,77
10428;20
10501;16,31
10502;18,23
10503;20,82
10504;18,65
10505;17,87
10506;19,71
10507;18,61
10508;15,25
10509;16,61
10510;18
10511;20,24
10512;16,32
10601;17,91
10602;11,82
10603;13,9
10604;15,19
10605;14,15
10606;16,92
10607;17,6
10608;8,62
10609;10,72
10610;16,75
10611;11,7
10612;14,34
10613;15,75
10614;11,76
10615;13,15
10616;14,41
10617;16,91
10618;11,72
10619;12,87
10701;21,53
10702;17,15
10703;13,71
10704;14,87
10705;17,82
10706;16,52
10707;13,07
10708;12,59
10709;12,84
10710;8,9
10711;13,79
10712;15,87
10713;11,54
10714;16,24
10715;12,1
10716;19,25
10717;18,44
10718;10,33
10719;14,49
10720;20,19
10721;21,8
10722;7,67
10723;12,65
10724;16,01
10725;17,62
10726;16,62
10727;14,35
10801;14,47
10802;12,97
10803;11,74
10804;16,76
10805;17,24
10806;12,62
10807;13,15
10808;15,81
10809;15,13
10810;10,49
10811;16,98
10812;11,7
10813;15,05
10814;13,41
10815;14,18
10816;17,62
10817;13,71
10818;12,18
10819;14,45
10820;9,68
10821;11,41
10822;12,95
10823;14,06
10824;12,9
10825;14,89
10826;16,62
10827;21,79
10828;13,48
10901;10,07
10902;12,92
10903;19,72
10904;13,9
10905;16,89
10906;15,91
10907;15,32
10908;19,04
10909;14,97
10910;19,66
10911;16,53
10912;12,81
10913;17,94
10914;16,91
10915;16,88
10916;14,57
10917;17,93
10918;16,3
10919;18,86
10920;16,63
10921;13,12
10922;19,23
10923;19,22
10924;11,8
10925;18,83
10926;15,02
10927;11,93
10928;9,21
10929;12,42
10930;17,22
10931;17,22
10932;13,97
20101;17,99
20201;16,47
20302;10,09
20305;10,66
20306;8,09
20307;10,03
20316;6,41
20320;10,5
20321;7,94
20402;13,13
20403;13,3
20405;16,42
20409;10,27
20412;9,54
20414;10,36
20415;9,41
20416;9,74
20417;9,12
20418;9,57
20419;9,53
20421;8,79
20424;11,47
20425;9
20428;10,79
20432;11,38
20435;11,05
20441;9,12
20442;10,18
20501;17,9
20502;15,76
20503;19,14
20504;15,07
20505;11,93
20506;10,7
20508;14,46
20509;12,82
20511;14,73
20512;12,1
20513;13,61
20515;11,87
20518;10,12
20519;14,81
20520;11,92
20523;10,68
20527;18,32
20530;13,94
20531;11,52
20534;7,74
20601;14,9
20602;10,27
20603;9,37
20604;10,94
20605;10,64
20607;10,53
20608;9,1
20609;13,1
20610;7,62
20611;8,03
20613;5,5
20616;8,84
20618;7,89
20619;10,32
20620;8,45
20622;11,98
20624;11,53
20625;14,43
20627;11,2
20630;11,7
20631;12,15
20632;8,65
20633;14,32
20634;9,35
20635;16,78
20636;13,24
20637;13,36
20638;11,66
20639;6,28
20640;12,33
20642;11,31
20643;7,57
20644;9,24
20701;9,4
20702;13,98
20703;8,53
20705;14,37
20707;8,81
20708;9,31
20710;8,11
20711;10,52
20712;5,22
20713;8,3
20719;7,14
20720;10,78
20721;8,76
20722;11,62
20723;7,66
20724;11,85
20725;10,57
20726;7,74
20727;8,84
20801;15,07
20802;7,21
20803;11,99
20804;15,31
20805;11,29
20806;9,26
20807;11,94
20808;12,04
20810;10,68
20812;12,37
20813;12,28
20815;11,01
20817;12,98
20901;13,22
20905;20,64
20909;16,56
20911;9,8
20912;12,07
20913;13,17
20914;11,99
20918;13,03
20923;14,23
21001;11
21002;14,15
21003;15,15
21004;9,52
21005;10,64
21006;10,55
21007;12,24
21008;14,1
21009;10,79
21010;12,5
30101;21,84
30201;22,27
30301;13,08
30401;25,71
30501;10,93
30502;23,92
30503;12,06
30504;15,18
30506;8,62
30507;10,28
30508;15,85
30509;9,84
30510;16,22
30511;12,06
30512;10,87
30514;12,84
30515;8,69
30516;9,2
30517;21,72
30520;11,26
30521;13,86
30522;13,9
30524;11,56
30526;8,42
30527;13,21
30529;11,02
30530;12,47
30531;14,58
30532;13,44
30533;17,48
30534;13,13
30536;13,16
30538;13,71
30539;10,04
30541;11,14
30542;10,71
30543;13,89
30544;10,75
30601;16,01
30602;13,42
30603;17,26
30604;17,58
30605;25,43
30607;16
30608;13,82
30609;8,21
30612;18,91
30613;9,06
30614;8,96
30615;26,31
30616;9
30618;15,43
30620;20,44
30621;16,34
30623;12,31
30625;12,24
30626;18,45
30627;22,16
30629;14,04
30631;16,11
30633;11,11
30635;17,6
30636;15,33
30637;15,36
30639;19,5
30641;16,08
30645;17,5
30646;18,21
30701;10,48
30702;18,28
30703;13,6
30704;17,92
30706;14,02
30708;8,89
30709;15,71
30710;21,32
30711;7,97
30712;8,36
30713;13,66
30715;11,63
30716;20,83
30718;15,01
30719;10,87
30721;11
30722;8,83
30724;14,25
30726;13,11
30728;14,42
30729;22,03
30730;17,42
30731;17,7
30732;13,32
30733;21,27
30734;18,59
30735;12,12
30736;17,08
30737;13,85
30738;10,82
30739;19,34
30740;21,37
30741;17,07
30801;9,57
30802;20
30803;19,7
30804;16,11
30805;14,79
30808;16,21
30810;15,08
30811;17,81
30812;12,9
30813;19
30814;16,39
30817;19,04
30819;18,92
30821;14,13
30822;15
30824;15,07
30825;15,48
30826;15,96
30827;20,57
30828;11,21
30829;11,59
30830;17,6
30831;18,85
30834;28,09
30835;22,24
30836;11,87
30838;17,84
30841;19,3
30842;17,27
30844;16,19
30845;20,67
30846;8,42
30848;19,27
30849;23,04
30850;20,12
30852;15,25
30854;12,11
30856;17,68
30857;14,52
30858;15,89
30859;13,06
30860;16,61
30863;16,56
30865;18,52
30902;15,2
30903;19,75
30904;18,82
30906;17,49
30908;23,29
30909;13,58
30910;14,73
30912;11,6
30913;14,43
30915;14,98
30916;19,18
30917;11,82
30920;13,82
30921;18,82
30925;16,83
30929;14,71
30932;15,01
30935;21,39
30939;13,22
30940;14,6
30942;13,35
31001;16,79
31008;14,03
31009;13,11
31014;16,03
31015;18,32
31016;14,04
31018;21,1
31019;15,29
31021;15,81
31022;16,31
31025;15,41
31026;11,26
31028;15,83
31033;18,28
31035;11,85
31036;14,95
31037;20,2
31038;15,75
31041;12,42
31042;18,83
31043;13,2
31051;14,26
31052;15,35
31053;15,34
31101;8,2
31102;9,98
31103;12,72
31104;12,06
31105;14,26
31106;9,89
31107;10,76
31109;16,1
31110;14,87
31111;11,08
31113;11,08
31114;10,74
31117;11,05
31119;7,92
31120;12,65
31121;15,61
31123;9,74
31124;12,49
31129;11,93
31130;12,5
31201;7,75
31202;5,62
31203;12,73
31204;9,98
31205;10,24
31206;11,87
31207;8,03
31208;10,37
31213;15,51
31214;8,39
31215;8,33
31216;10,44
31224;10,85
31226;11,24
31227;12,79
31228;10,86
31229;7,58
31230;17,09
31234;9,47
31235;12,9
31301;10,23
31302;12,38
31303;8,91
31304;10,34
31308;13,18
31309;11,91
31310;14,41
31311;13,06
31315;14,08
31319;11,37
31321;11,72
31322;12,63
31323;10,89
31324;13,97
31326;10,79
31327;11,62
31330;14,62
31333;11,53
31336;13,56
31337;13,61
31338;9,69
31340;13,98
31343;15,06
31344;9,86
31346;13,47
31347;9,3
31350;13,15
31351;7,85
31355;10,73
31356;8,08
31401;6,67
31402;13,89
31403;17,63
31404;16,97
31405;10,63
31406;15,85
31407;19,73
31408;8,79
31409;13,78
31410;11,18
31411;12,89
31412;13,7
31413;30,57
31414;15,84
31502;9,02
31503;11,16
31504;13,97
31505;18,79
31506;15,72
31507;11,09
31508;12,28
31509;24,88
31511;12,84
31513;9,76
31514;12,13
31515;10,07
31516;13,74
31517;16,05
31519;12,14
31520;16,9
31521;13,82
31522;12,8
31523;14,67
31524;16,5
31525;16,77
31527;15,47
31528;11,92
31530;13,61
31531;16,21
31533;18,66
31534;15,93
31535;14,01
31537;13,35
31539;13,11
31540;12,53
31541;15,9
31542;11,81
31543;10,5
31546;16,47
31549;22
31550;8,31
31551;12,71
31552;13,4
31553;9,37
31601;18,59
31603;15,26
31604;17,17
31605;15,93
31606;14,19
31608;7,69
31609;12,16
31611;10,49
31612;12,59
31613;10,7
31614;11,12
31615;15,37
31616;17,64
31617;11,84
31620;22,81
31621;13,92
31622;10,63
31627;9,3
31628;9,42
31629;16,26
31630;11,73
31633;14,05
31634;16,77
31636;9,92
31642;7,46
31644;16,99
31645;20,21
31646;18,94
31649;12,05
31650;14,22
31651;10,97
31652;10,36
31653;13,67
31654;15,26
31655;10,98
31658;13,64
31701;11,82
31702;9,93
31703;9,51
31704;11,67
31706;6,52
31707;6,13
31709;8,99
31710;16,07
31711;9,68
31712;8,98
31713;12,03
31714;8,11
31715;13,59
31716;10,79
31717;13,55
31718;10,05
31719;7,61
31723;14,88
31725;14,49
31726;9,01
31801;12,63
31802;11,31
31803;12,89
31804;10,63
31805;15,79
31806;8,76
31807;14
31808;10,88
31809;9,63
31810;20,45
31811;12,19
31812;12,48
31813;18,02
31814;10,19
31815;17,12
31817;9,78
31818;28,23
31820;13,23
31821;14,8
31823;11,54
31825;10,25
31826;11,29
31827;8,7
31829;14,12
31830;12,86
31831;10,53
31832;9,12
31833;16,05
31834;11,47
31835;14,01
31836;17,46
31837;8,61
31838;14,29
31839;21,13
31840;11,95
31841;16,17
31842;9,41
31843;12,07
31844;8,14
31845;7,94
31846;28,79
31847;9,32
31848;12,36
31849;9,26
31901;13,05
31902;10,61
31903;13,69
31904;10,39
31905;8,61
31906;13,86
31907;8,68
31909;13,68
31910;9,89
31911;12,61
31912;21,99
31913;10,95
31915;9,27
31916;10,22
31917;6,99
31918;13,83
31919;11,32
31920;17,81
31921;8,58
31922;14,25
31923;13,04
31925;10,4
31926;11,9
31927;12,37
31928;10,67
31929;17,25
31930;12,34
31932;12,6
31934;11,61
31935;13,87
31938;11,09
31939;15,05
31940;13,76
31941;12,86
31943;19,08
31945;12,84
31946;9,38
31947;20,11
31948;15,42
31949;10,02
31950;8,66
31951;9,88
31952;11,55
31953;9,04
31954;8,78
32001;13,38
32002;12,09
32003;15,08
32004;11,3
32005;10,8
32006;11,17
32007;20,48
32008;13,78
32009;13,45
32010;13,73
32011;18,15
32012;13,52
32013;12,59
32014;12,01
32015;12,65
32016;21,88
32017;11,72
32018;9,49
32101;15,08
32104;13,09
32106;13,49
32107;12,21
32109;10,15
32110;12,91
32112;12,81
32114;13,69
32115;16,32
32116;9,07
32119;11,92
32120;11,04
32131;13,4
32132;12,18
32134;8,71
32135;15,75
32139;12,49
32140;10,31
32141;20,12
32142;9,36
32143;10,81
32144;9,22
32202;18,91
32203;12,5
32206;16,07
32207;20,17
32209;15,58
32210;13,57
32212;7,68
32214;12,38
32216;12,02
32217;12,7
32219;15,36
32220;12,87
32221;9,25
32222;11,63
32223;16,77
32301;11,1
32302;10,81
32304;27,27
32305;19,03
32306;13,7
32307;22,88
32308;14,82
32309;13,93
32310;11,78
32311;10,62
32312;10,23
32313;7,85
32314;10,65
32315;9,07
32316;13,09
32317;8,29
32318;19,2
32319;16,74
32320;11,32
32321;9,56
32322;9,76
32323;23,09
32324;17,95
32325;9,83
32326;12,82
32327;24,92
32330;19,72
32331;16,46
32332;21,12
32333;11,78
32334;10,24
32335;11,99
32336;12,35
32337;16,48
32338;12,72
32501;18,03
32502;15,44
32503;18,32
32504;14,6
32505;16,49
32506;9,7
32508;15,24
32509;13,83
32511;15,08
32514;12,75
32515;14,18
32516;14,81
32517;12,13
32518;13,7
32519;14,79
32520;14,26
32521;13,28
32522;13,41
32523;17,97
32524;15
32525;13,47
32528;9,59
32529;15,59
32530;11,68
40101;24,3
40201;25,32
40301;30,17
40401;21,08
40402;19,53
40403;17,27
40404;30,74
40405;16,94
40406;16,62
40407;20,36
40408;14,33
40409;18,55
40410;19,26
40411;11,71
40412;17,47
40413;33,09
40414;13,9
40415;22,36
40416;18,25
40417;12,76
40418;18,32
40419;11,81
40420;18,59
40421;38,97
40422;33,19
40423;11,08
40424;21,66
40425;17,12
40426;17,54
40427;16,97
40428;19,66
40429;11,38
40430;10,97
40431;23,88
40432;20,33
40433;20,83
40434;20,16
40435;18,68
40436;20,9
40437;21,71
40438;13,04
40439;16,38
40440;16,24
40441;21,6
40442;13,82
40443;16,71
40444;20,88
40445;19,85
40446;15,95
40501;15,17
40502;22,39
40503;27,17
40504;15,38
40505;14,96
40506;14,82
40507;13,61
40508;15,96
40509;14,9
40510;12,26
40511;10,34
40512;13,43
40601;17,3
40602;14,07
40603;16,04
40604;11,32
40605;10
40606;19
40607;10,2
40608;18,81
40609;10,92
40610;14,49
40611;17,56
40612;11,21
40613;19,12
40614;13,24
40615;11,26
40616;17,2
40617;16,46
40618;14,42
40619;14,08
40620;12,62
40621;18,37
40622;9,03
40623;12,58
40624;10,48
40625;12,85
40626;16,19
40627;11,94
40701;10,38
40702;9,83
40703;16,27
40704;14,93
40705;17,87
40706;10,67
40707;11,9
40708;9,06
40709;14,74
40710;12,19
40711;19,34
40712;14,88
40713;10,56
40714;17,06
40715;11,32
40716;11,43
40717;12,93
40718;10,34
40719;12,45
40720;17,11
40801;13,96
40802;20,88
40804;20,23
40805;24,56
40806;15,66
40807;14,18
40808;25,32
40809;17,39
40810;13,12
40811;17,39
40812;15,29
40813;14,29
40814;12,24
40815;13,32
40816;20,11
40817;17,51
40818;28,19
40820;10,38
40821;8,67
40822;16,27
40823;15,04
40824;17,23
40825;10,7
40826;11,78
40827;17,26
40828;27,87
40829;17,19
40830;8,13
40831;16,47
40832;11,68
40833;14,93
40834;13,61
40835;18,3
40901;10,48
40902;22,85
40903;17,48
40904;12,91
40905;21,52
40906;14,78
40907;18,38
40908;17,69
40909;17,56
40910;12,8
40911;13,52
40912;15,73
40913;16,13
40914;19,23
40915;12,11
40916;16,4
40917;13,22
40918;15,72
40919;12,94
40920;14,05
40921;7,94
40922;16,05
40923;14,91
41001;13,06
41002;30,04
41003;22,04
41004;11,32
41005;23,61
41006;7,27
41007;17,85
41008;13,2
41009;14,52
41010;7,12
41011;13,91
41012;16,68
41013;8,42
41014;12,89
41015;9,61
41016;7,73
41017;17,97
41018;12,97
41019;11,17
41020;10,24
41021;28,8
41022;10,33
41101;11,49
41102;14,67
41103;14,08
41104;19,42
41105;17,78
41106;8,71
41107;12,32
41108;16,45
41109;19,61
41110;12,79
41111;23,62
41112;13,66
41113;18,12
41114;14,71
41115;17,66
41116;22,1
41117;15,81
41118;12,73
41119;20,76
41120;15
41121;21,95
41122;14,26
41123;12,77
41124;21,94
41125;16,16
41126;16,82
41201;19,64
41202;25,95
41203;22,61
41204;15,73
41205;15,55
41206;18,08
41207;19,9
41208;17,04
41209;12,57
41210;17,08
41211;15,75
41212;18,79
41213;15,94
41214;16,4
41215;18,6
41216;7,14
41217;12,23
41218;11,8
41219;28,76
41220;23,15
41221;10,89
41222;10,08
41223;14,54
41224;17,52
41225;28,44
41226;12,38
41227;12,93
41228;20,48
41229;12,75
41230;15,71
41231;14,62
41232;12,51
41233;15,57
41234;17,09
41235;16,09
41236;14,41
41304;14,98
41305;11,32
41306;21,12
41307;14,29
41309;14,49
41311;15,79
41312;17,55
41313;18,49
41314;16,49
41315;18,89
41316;13,54
41317;18,82
41318;17,34
41319;14,8
41320;16,33
41321;17,57
41322;12,84
41323;12,28
41324;16,84
41325;14,41
41326;15,36
41327;16,76
41328;14,57
41329;19,16
41331;15,38
41332;12,51
41333;17,65
41334;16,06
41336;13,7
41337;11,92
41338;16,24
41341;19,34
41342;17,36
41343;15,63
41344;18,18
41345;14,56
41346;14,05
41401;14,29
41402;22,6
41403;14,45
41404;18,52
41405;14,1
41406;16,37
41407;22,41
41408;22,22
41409;18,25
41410;19,04
41411;19,92
41412;8,99
41413;17,62
41414;19,22
41415;16,69
41416;23,21
41417;19,68
41418;20,31
41419;18,84
41420;20,16
41421;20,31
41422;26,58
41423;15,02
41424;17,49
41425;24,05
41426;21,63
41427;22,99
41428;18,84
41429;17,25
41430;15,2
41501;11,15
41502;6,38
41503;18,42
41504;10,06
41505;10,84
41506;11,98
41507;10,29
41508;9,74
41509;13,65
41510;13,09
41511;12,9
41512;13,7
41513;12,45
41514;8,09
41515;10,77
41516;14,85
41517;11,81
41518;12,43
41521;7,42
41522;15,98
41601;8,48
41602;7,89
41603;12,72
41604;9,15
41605;9,14
41606;12,03
41607;12,36
41608;9,8
41609;9,67
41610;6,47
41611;10,47
41612;11,03
41613;9,42
41614;6,1
41615;10,69
41616;11,46
41617;8,85
41618;7,03
41619;9,16
41620;9,84
41621;9,13
41622;11,71
41623;6,87
41624;11,02
41626;9,65
41627;11,76
41628;12,41
41701;24,49
41702;8,41
41703;32,34
41704;14,5
41705;10,45
41706;11,02
41707;10,36
41708;12,99
41709;15,57
41710;23,09
41711;10,95
41712;11,98
41713;21,29
41714;9,69
41715;16,25
41716;10,03
41717;15,6
41718;9,82
41719;12,12
41720;15,86
41721;14,27
41722;16,28
41723;10,44
41724;7,63
41725;12,27
41726;17,49
41727;10,43
41728;10,42
41729;20,27
41730;12,74
41731;15,18
41732;17,45
41733;5,92
41734;17,29
41735;10,57
41736;11,87
41737;10,67
41738;24,74
41739;9,82
41740;9,76
41741;13,18
41742;11,34
41743;17,37
41744;8,36
41745;10,46
41746;23,21
41747;18,16
41748;15,61
41749;7,99
41750;13,73
41751;13,5
41752;10,85
41801;10,18
41802;15,57
41803;13,06
41804;9,32
41805;11,09
41806;13,43
41807;11,69
41808;11,93
41809;8,64
41810;10
41811;25,81
41812;18,82
41813;9,43
41814;14,57
41815;8,36
41816;13,4
41817;17,84
41818;7,92
41819;9,52
41820;22,61
41821;11,08
41822;8,81
41823;13,36
41824;11,12
50101;21,46
50201;12,93
50202;7,04
50203;13,4
50204;12,62
50205;20,65
50206;7,17
50207;9,57
50208;10,32
50209;9,65
50210;14,75
50211;6,92
50212;5,87
50213;9,27
50301;10
50302;9,53
50303;12,08
50304;10,21
50305;16,19
50306;12,84
50307;9,1
50308;9,46
50309;7,67
50310;10,52
50311;8,99
50312;10,47
50313;6,14
50314;16,69
50315;8,87
50316;8,61
50317;12,11
50318;10,25
50319;9,77
50320;8,69
50321;7,14
50322;13,83
50323;10,25
50324;14,34
50325;9,52
50326;18,15
50327;8,9
50328;8,23
50329;10,55
50330;12,97
50331;10,41
50332;7,13
50335;16,81
50336;10,02
50337;10,62
50338;9,95
50339;9,34
50401;15,58
50402;16,88
50403;21,03
50404;23,81
50405;8,11
50406;16,51
50407;13,96
50408;12,93
50409;7,8
50410;7,82
50411;12,44
50412;20,49
50413;11,97
50414;9,86
50415;15,19
50416;10,66
50417;20,22
50418;17,92
50419;13
50420;9,78
50421;24,8
50422;12,41
50423;17,65
50424;18,16
50425;8,82
50501;10
50502;12,37
50503;9,32
50504;12,5
50505;19,19
50506;14,12
50507;11,14
50508;14,71
50509;14,88
50510;14,22
50511;10,87
50512;16,67
50513;9,23
50514;9,2
50515;18,04
50601;15,86
50602;16,59
50603;9,28
50604;12,89
50605;13,42
50606;20,5
50607;17,88
50608;17,61
50609;12,22
50610;9,71
50611;13,21
50612;14,09
50613;21,18
50614;13,99
50615;11,35
50616;12,07
50617;11,55
50618;17,79
50619;15,88
50620;10,3
50621;12,42
50622;14,61
50623;8,59
50624;15,24
50625;14,69
50626;14,84
50627;17,54
50628;23,93
60101;17,66
60305;13,45
60318;9,75
60323;19,19
60324;9,63
60326;9,01
60329;14,64
60341;13,36
60344;15,1
60345;17,08
60346;13,02
60347;14,83
60348;11,06
60349;13,15
60350;10,74
60351;16,76
60608;17,93
60611;11,66
60613;13,72
60617;8,46
60618;8,62
60619;10,77
60623;18,92
60624;15,69
60626;6,79
60628;8,02
60629;11,57
60632;13,86
60639;8,92
60641;8,62
60642;6,92
60645;8,8
60646;4,98
60647;7,79
60648;8,75
60651;13,04
60653;10,08
60654;8,79
60655;12,51
60656;10,43
60659;13,72
60660;9,11
60661;9,53
60662;9,97
60663;11,55
60664;9,64
60665;8,72
60666;10,69
60667;9,18
60668;11,75
60669;14,12
60670;13,89
61001;10,13
61002;23,23
61007;9,63
61008;15,9
61012;13,65
61013;15,03
61016;13,77
61017;12,34
61019;12,68
61020;12,64
61021;12,35
61024;19,32
61027;13,03
61030;17,97
61032;17,13
61033;12,65
61043;15,38
61045;17,57
61049;22,99
61050;19,2
61051;17,66
61052;11,83
61053;19,77
61054;22,78
61055;11,48
61057;16,43
61059;15,97
61060;14,55
61061;17,21
61101;14,48
61105;14,23
61106;12,34
61107;10,37
61108;18,99
61109;13,86
61110;16,15
61111;9,57
61112;15,33
61113;14,56
61114;11,57
61115;11,42
61116;10,45
61118;19,11
61119;10,51
61120;12,31
61203;7,81
61204;7,82
61205;14,81
61206;11,36
61207;15,38
61213;13,53
61215;10,67
61217;10,42
61222;9,35
61236;9,13
61243;18,72
61247;20,58
61251;13,5
61252;10,24
61253;13,82
61254;8,4
61255;11,81
61256;10,99
61257;9,81
61258;13,45
61259;22,09
61260;11,63
61261;9,16
61262;13,75
61263;19,63
61264;16,72
61265;12,57
61266;9
61267;18,69
61410;8,44
61413;12,23
61425;8,36
61428;7,07
61437;13,01
61438;11,66
61439;8,94
61440;11,19
61441;8,59
61442;10,22
61443;12,55
61444;12,39
61445;11,63
61446;10,56
61611;9,82
61612;11,17
61615;10,2
61618;15,27
61621;10,53
61624;11,09
61625;16,68
61626;14,18
61627;9,68
61628;12,37
61629;8,71
61630;11,02
61631;17,33
61632;11
61633;9,15
61701;12,66
61708;14,96
61710;15,01
61711;14,16
61716;12,67
61719;13,58
61727;11,73
61728;10,81
61729;8,1
61730;9,38
61731;12,78
61740;10,5
61741;12,23
61743;9,42
61744;15,19
61745;13,18
61746;12,38
61748;15,32
61750;14,22
61751;11,4
61756;12,8
61757;13,45
61758;8,1
61759;13,15
61760;14,62
61761;8,76
61762;13,16
61763;9,98
61764;15,56
61765;10,74
61766;16,68
62007;14,73
62008;8,66
62010;5,05
62014;8,76
62021;7,52
62026;9,46
62032;6,85
62034;6,4
62036;10,39
62038;22,93
62039;11,32
62040;17,64
62041;28,28
62042;11,04
62043;12,49
62044;11,35
62045;7,04
62046;10,45
62047;10,86
62048;8,1
62105;12,35
62115;10,41
62116;10,13
62125;10,88
62128;9,06
62131;11,57
62132;11,2
62135;13,05
62138;10,79
62139;15,64
62140;22,63
62141;12,96
62142;13,63
62143;19,02
62144;12,12
62145;13,4
62146;13,02
62147;14,38
62148;10,46
62202;13,84
62205;13,63
62206;14,51
62209;11,91
62211;13,89
62214;12,83
62216;11,44
62219;17,51
62220;11,99
62226;18,02
62232;15,12
62233;12,57
62235;12,47
62242;8,86
62244;12,6
62245;11,41
62247;12,25
62252;17,75
62256;14,69
62262;10,86
62264;14,11
62265;14,09
62266;15,21
62267;16,12
62268;12,67
62269;12,19
62270;16,15
62271;14,53
62272;14,4
62273;15,66
62274;27,88
62275;13,96
62276;15,14
62277;12,86
62278;13
62279;11,38
62311;15,72
62314;14,02
62326;12,98
62330;18,24
62332;16,25
62335;11,18
62343;15,77
62368;10,2
62372;22,05
62375;15,1
62376;14,51
62377;13,22
62378;17,77
62379;22,1
62380;16,26
62381;15,08
62382;15,76
62383;15,69
62384;16,82
62385;13,69
62386;15,93
62387;15,62
62388;15,89
62389;17,19
62390;12,31
70101;19,74
70201;17,08
70202;17,2
70203;23,62
70204;11,26
70205;19,93
70206;13,31
70207;12,05
70208;20,15
70209;9,64
70210;15,6
70211;12,14
70212;18,47
70213;11,83
70214;16,28
70215;14,21
70216;13,07
70217;21,85
70218;18,02
70219;13,56
70220;21,36
70221;15,34
70222;15,34
70223;20,52
70224;16,38
70301;10,64
70302;7,48
70303;14,48
70304;11,21
70305;16,91
70306;9,51
70307;7,66
70308;14,46
70309;10,14
70310;23,79
70311;8,87
70312;12,43
70313;18,78
70314;11,3
70315;11,7
70317;15,74
70318;12,1
70319;10,76
70320;12,32
70322;14,14
70323;15,2
70325;6,89
70326;17,95
70327;20,26
70328;16,34
70329;11,68
70330;21,8
70331;11,78
70332;8,23
70333;15,52
70334;21,05
70335;16,91
70336;15,76
70337;9,26
70338;7,8
70339;13,15
70340;21,56
70341;10,16
70342;15,47
70343;9,22
70344;15,04
70345;9,63
70346;17,6
70347;8,82
70348;12,79
70349;17,49
70350;19,9
70351;24,27
70352;13,19
70353;5,7
70354;21,97
70355;17,12
70356;11,56
70357;28,48
70358;9,55
70359;11,08
70360;9,9
70361;16,04
70362;22,6
70364;16,35
70365;15,4
70366;12,93
70367;20,61
70368;10,11
70369;12,72
70401;12,79
70402;12,24
70403;14,11
70404;15,23
70405;16,26
70406;14,01
70407;10,86
70408;11,82
70409;14,47
70410;15,02
70411;17,56
70412;12,71
70413;11,97
70414;12,72
70415;10,82
70416;16,91
70417;10,9
70418;13,55
70419;12,16
70420;12,25
70501;14,14
70502;19,19
70503;13,3
70504;11,91
70505;13,89
70506;17,71
70508;13,06
70509;15,73
70510;10,7
70511;16,58
70512;12,03
70513;24,45
70514;15,33
70515;14,1
70516;13,97
70517;12,86
70518;10,48
70519;9
70520;19,31
70521;24,9
70522;17,05
70523;9,65
70524;14
70525;11,32
70526;13,71
70527;11,16
70528;10,33
70529;13,81
70530;14,19
70531;28,74
70601;10,8
70602;14,47
70603;12,41
70604;16,56
70605;13,89
70606;16,89
70607;13,37
70608;15,85
70609;19,84
70610;8,73
70611;8,31
70612;9,02
70613;13,85
70614;25,24
70615;15,08
70616;11,59
70617;15,15
70618;17,1
70619;18,88
70620;12,74
70621;13,74
70622;15
70623;17,16
70624;10,01
70625;32,81
70626;10,5
70627;15,32
70628;12,77
70629;13,76
70630;14,91
70701;10,67
70702;10,18
70703;8,33
70704;13,98
70705;10,62
70706;14,56
70707;11,15
70708;7,96
70709;13,28
70710;17,8
70711;9,71
70712;9,91
70713;12,21
70714;7,43
70715;10,56
70716;15,5
70717;12,66
70718;9,07
70719;10,06
70720;9,49
70721;9,61
70723;16,17
70724;11,85
70725;13,91
70726;20,36
70727;11,38
70728;15,15
70729;14,58
70731;6,03
70732;7,69
70733;16,24
70734;13,1
70735;12,66
70801;17,41
70802;15,64
70803;13,81
70804;15,17
70805;12,6
70806;11,7
70807;14,85
70808;15,69
70809;15,2
70810;14,79
70811;23,01
70812;27,27
70813;15,63
70814;10,45
70815;15,38
70816;11,36
70817;14,22
70818;22,1
70819;17,78
70820;16,26
70821;18,56
70822;12,5
70823;46,67
70824;11,97
70825;23,33
70826;13,12
70827;7,96
70828;28,33
70829;10,51
70830;11,51
70831;19,21
70832;15,44
70833;13,15
70834;15,79
70835;9,2
70836;17,57
70837;16,91
70901;15,11
70902;20,79
70903;13,9
70904;17,66
70905;14,74
70907;19,54
70908;18,89
70909;23,37
70910;19,93
70911;17,36
70912;20,18
70913;25,95
70914;20,76
70915;19,48
70916;21,89
70917;28,7
70918;27,14
70920;23,61
70921;14,55
70922;21,92
70923;22,38
70924;23,03
70925;25,09
70926;23,51
70927;18,3
70928;12,13
70929;11,89
70930;16,6
70931;17,85
70932;21,91
70933;11,63
70934;21,89
70935;19,79
70936;16,99
70937;13,26
70938;15,06
70939;13,45
70940;20,41
70941;19,02
80101;12,62
80102;14,97
80103;27,55
80104;23,25
80105;19,1
80106;21,39
80107;12,5
80108;14,43
80109;14,1
80110;16,31
80111;13,69
80112;10,55
80113;13,83
80114;16,56
80115;21,37
80116;18,72
80117;12,13
80118;10,74
80119;13,74
80120;14,85
80121;13,94
80122;16,71
80123;13,07
80124;11,85
80125;12,5
80126;14,23
80127;6,78
80128;13,7
80129;12,69
80201;11,99
80202;12,69
80203;15,06
80204;19,52
80205;9,83
80206;14,46
80207;27,98
80208;11,38
80209;18,13
80210;13,05
80211;12,18
80212;10
80213;19,21
80214;12,19
80215;22,52
80216;17,68
80217;19,51
80218;18,75
80219;12,48
80220;22,55
80221;18,04
80222;12,19
80223;15,78
80224;19,84
80225;13,54
80226;19,11
80227;19,42
80228;17,64
80229;13,56
80230;24,14
80231;14,54
80232;16,41
80233;13,98
80234;18,69
80235;13,85
80236;12,73
80237;8,33
80238;13,22
80239;19,05
80240;17,75
80301;21,54
80302;27,63
80303;26,14
80401;16,1
80402;10,81
80403;8,14
80404;20,25
80405;25,55
80406;6,86
80407;13,25
80408;23,29
80409;13,98
80410;14,02
80411;12,3
80412;17,04
80413;14,36
80414;21,58
80415;12,37
80416;14,98
80417;14,36
80418;18,75
80419;10,93
80420;15,31
80421;10,42
80422;9,65
80423;14,72
80424;14,02
90101;8,09
90201;19,46
90301;15,78
90401;11,78
90501;20,7
90601;12,37
90701;9,51
90801;9,51
90901;10,6
91001;32,47
91101;28,18
91201;27,09
91301;11,43
91401;18,73
91501;25,59
91601;25,66
91701;21,33
91801;12,05
91901;13,96
92001;29,14
92101;23,94
92201;18,13
92301;18,38
