ID;higher_vocational_education
10101;12,89
10201;13,33
10301;14,16
10302;14,76
10303;13,99
10304;13,63
10305;14,6
10306;12,56
10307;9,95
10308;15,51
10309;15,64
10310;10,58
10311;15,85
10312;13,46
10313;11,84
10314;12,17
10315;11,38
10316;13,23
10317;14,02
10318;12,78
10319;13,69
10320;14,44
10321;11,01
10322;13,31
10323;13,52
10401;10,17
10402;10,39
10403;10,13
10404;10,98
10405;8,55
10406;9,82
10407;8,37
10408;10,46
10409;13,11
10410;10,16
10411;9,95
10412;10,92
10413;10,67
10414;11,03
10415;9,96
10416;8,35
10417;11,05
10418;13,24
10419;11,94
10420;6,52
10421;11,36
10422;7,09
10423;5,71
10424;8,33
10425;7,98
10426;6,25
10427;8,43
10428;13
10501;10,64
10502;10,56
10503;8,59
10504;7,61
10505;7,21
10506;6,14
10507;8,12
10508;11,5
10509;8,85
10510;7,06
10511;8,24
10512;8,37
10601;11,84
10602;13,47
10603;11,19
10604;10,39
10605;14,58
10606;11,25
10607;11,98
10608;13,99
10609;15,38
10610;11,1
10611;14,33
10612;13,43
10613;10,26
10614;15,74
10615;12,66
10616;10,92
10617;14,43
10618;12,69
10619;13,47
10701;10,69
10702;9,06
10703;13,28
10704;10,79
10705;12,22
10706;11,4
10707;13,42
10708;11,7
10709;13,75
10710;9,99
10711;13,68
10712;12,38
10713;13,58
10714;9,85
10715;14,37
10716;10,74
10717;10,67
10718;17,97
10719;11,84
10720;13,09
10721;10,48
10722;14,98
10723;9,42
10724;10,33
10725;14,51
10726;13,41
10727;10,65
10801;11,73
10802;13,79
10803;10,88
10804;9,64
10805;12,91
10806;11,04
10807;12,68
10808;12,3
10809;12,05
10810;10,49
10811;12,55
10812;13,78
10813;12,15
10814;12,05
10815;13,57
10816;11,38
10817;10,41
10818;12,18
10819;9,79
10820;14,19
10821;14,08
10822;11,76
10823;12,28
10824;9,68
10825;9,27
10826;9,3
10827;12,29
10828;13,26
10901;13,5
10902;14,15
10903;10,73
10904;12,67
10905;11,3
10906;14,9
10907;11,46
10908;10,6
10909;9,39
10910;8,52
10911;11,92
10912;13,51
10913;9,5
10914;12,65
10915;8,71
10916;12,8
10917;11,47
10918;11,86
10919;10,41
10920;8,87
10921;13,24
10922;7,95
10923;10,81
10924;16,88
10925;11,33
10926;10,56
10927;9,13
10928;12,73
10929;12,21
10930;12,68
10931;11,92
10932;11,76
20101;10,87
20201;11,1
20302;11,51
20305;11,1
20306;12,29
20307;13,07
20316;12,19
20320;10,82
20321;10,48
20402;12,12
20403;14,37
20405;12,97
20409;10,62
20412;12,17
20414;14,3
20415;13,37
20416;12,15
20417;13,98
20418;14,69
20419;10,44
20421;13,38
20424;12,24
20425;13,94
20428;15,35
20432;10,45
20435;9,78
20441;14,78
20442;13,94
20501;11,15
20502;10,73
20503;9,25
20504;11,87
20505;10,88
20506;8,52
20508;11,04
20509;14,29
20511;8,38
20512;14,39
20513;10,18
20515;12,68
20518;11,12
20519;10,79
20520;9,45
20523;13,83
20527;10,75
20530;10,82
20531;7,58
20534;13,25
20601;12,1
20602;8,82
20603;12,3
20604;8,68
20605;7,29
20607;7,18
20608;9,48
20609;9,39
20610;9,82
20611;9,54
20613;11,65
20616;11,12
20618;10,18
20619;6,78
20620;12
20622;5,88
20624;9,34
20625;9,23
20627;8,85
20630;10,85
20631;7,62
20632;10,74
20633;9,14
20634;11,15
20635;8,63
20636;6,93
20637;9,95
20638;9,87
20639;17,59
20640;9,24
20642;9,39
20643;10,63
20644;9,6
20701;12,62
20702;11,78
20703;10,21
20705;8,05
20707;11,64
20708;12,76
20710;9,78
20711;12,99
20712;9,7
20713;15,15
20719;12,16
20720;9,71
20721;10,98
20722;12,77
20723;9,51
20724;13,57
20725;12,53
20726;12,23
20727;13,58
20801;9,91
20802;12,02
20803;11,61
20804;11,31
20805;10,81
20806;12,59
20807;9,75
20808;10,34
20810;9,02
20812;7,77
20813;12,68
20815;9,45
20817;12,14
20901;9,79
20905;7,33
20909;8,67
20911;6,94
20912;11,66
20913;9,51
20914;7,66
20918;9,85
20923;11,22
21001;9
21002;10,69
21003;11,29
21004;11,29
21005;11,2
21006;11,27
21007;9,81
21008;9,36
21009;13,37
21010;6,97
30101;9,15
30201;9,68
30301;10,68
30401;10,47
30501;11,44
30502;8,96
30503;11,95
30504;9,09
30506;11,23
30507;10,68
30508;9,38
30509;12,11
30510;8,39
30511;11,46
30512;13,04
30514;9,78
30515;11,73
30516;10,85
30517;6,87
30520;11,26
30521;9,35
30522;11,66
30524;8,78
30526;10,62
30527;10,94
30529;11,34
30530;10,12
30531;11,73
30532;10,22
30533;8,92
30534;9,89
30536;11,5
30538;9,43
30539;9,96
30541;11,99
30542;10,54
30543;8,17
30544;10,56
30601;13,82
30602;14,58
30603;13,99
30604;11,96
30605;10,97
30607;13
30608;14,13
30609;13,47
30612;9,85
30613;14,4
30614;16,53
30615;9,58
30616;12,74
30618;12,71
30620;12,51
30621;11,77
30623;17,23
30625;13,94
30626;12,57
30627;10,22
30629;11,84
30631;13,77
30633;15,79
30635;12,54
30636;13,72
30637;15
30639;12,74
30641;12,69
30645;11,35
30646;11,82
30701;11,05
30702;10,65
30703;10,67
30704;12,14
30706;14,94
30708;16,17
30709;14,05
30710;12,54
30711;15,06
30712;18,01
30713;12,97
30715;16,28
30716;11,2
30718;12,61
30719;14,24
30721;15,18
30722;14
30724;12,74
30726;13,23
30728;10,78
30729;10,93
30730;11,62
30731;12,89
30732;13,3
30733;11,19
30734;13,33
30735;14,21
30736;12,44
30737;12,38
30738;14,13
30739;11,44
30740;10,57
30741;11,52
30801;11,3
30802;13,33
30803;10,49
30804;15,83
30805;12,62
30808;13,46
30810;9,37
30811;10,04
30812;11,21
30813;12,8
30814;12,75
30817;11,3
30819;12,43
30821;13,69
30822;10
30824;12,38
30825;11,38
30826;7,32
30827;9,4
30828;15,51
30829;10,26
30830;13,1
30831;12,08
30834;8,94
30835;9,71
30836;15,37
30838;10,3
30841;7,16
30842;9,29
30844;10,76
30845;10,2
30846;26,32
30848;11,76
30849;16,23
30850;8,97
30852;13,4
30854;11,05
30856;11,39
30857;8,65
30858;11,72
30859;14,01
30860;12,68
30863;9,43
30865;13,05
30902;13,34
30903;5,91
30904;5,62
30906;11,95
30908;8,92
30909;9,35
30910;9,4
30912;11,45
30913;10,31
30915;8,81
30916;10,19
30917;12,42
30920;10,7
30921;9,26
30925;10,41
30929;8,11
30932;8,26
30935;9,13
30939;9,39
30940;9
30942;10,83
31001;8,77
31008;13,86
31009;13,72
31014;14,5
31015;10,11
31016;10,56
31018;10,67
31019;13,5
31021;11,37
31022;14,08
31025;11,8
31026;13,41
31028;11,54
31033;11,15
31035;11,59
31036;10,32
31037;12,3
31038;10,04
31041;12,42
31042;8,35
31043;12,31
31051;11,23
31052;11,82
31053;13,22
31101;11,94
31102;9,76
31103;10,31
31104;11,06
31105;12,28
31106;11,94
31107;11,06
31109;12,03
31110;8,97
31111;10,55
31113;14,13
31114;12,42
31117;12,4
31119;12,45
31120;12,98
31121;14,25
31123;9,87
31124;12,49
31129;13,28
31130;14
31201;15,39
31202;16,55
31203;10,8
31204;15,45
31205;13,5
31206;14,35
31207;15,47
31208;14,42
31213;13,06
31214;13,89
31215;15,94
31216;14,63
31224;12,53
31226;14,37
31227;13,2
31228;12,99
31229;16,99
31230;12,61
31234;13,3
31235;13,96
31301;11,65
31302;9,61
31303;11,88
31304;15,06
31308;11,86
31309;12,64
31310;9,86
31311;10,34
31315;11,74
31319;11,66
31321;7,9
31322;12,56
31323;13,04
31324;8,84
31326;11,61
31327;11,35
31330;10,71
31333;10,09
31336;10,08
31337;12,5
31338;17,24
31340;13,14
31343;10,33
31344;12,23
31346;11,75
31347;13,57
31350;9,27
31351;13,3
31355;11,61
31356;14,48
31401;11,37
31402;9,44
31403;8,12
31404;9,2
31405;11,3
31406;7,92
31407;8,82
31408;12,55
31409;6,89
31410;11,06
31411;9,47
31412;8,87
31413;6,29
31414;10,25
31502;13,91
31503;10,41
31504;8,24
31505;9
31506;7,55
31507;9,7
31508;10
31509;6,99
31511;7,76
31513;9,18
31514;10,81
31515;10,4
31516;9,72
31517;10,51
31519;8,75
31520;9,23
31521;9,05
31522;9,98
31523;11,05
31524;10,71
31525;8,92
31527;9,16
31528;11,92
31530;7,67
31531;10,52
31533;11,29
31534;8,4
31535;8,48
31537;10,29
31539;9,1
31540;10,75
31541;10,43
31542;11,99
31543;12,83
31546;7,64
31549;8,95
31550;11,42
31551;9,97
31552;10,57
31553;12,87
31601;8,94
31603;11,61
31604;8,7
31605;11,81
31606;10,51
31608;12,55
31609;11,7
31611;14,95
31612;11,39
31613;12,3
31614;12,1
31615;14,76
31616;10,68
31617;9,85
31620;7,13
31621;7,65
31622;12,17
31627;13,1
31628;11,21
31629;10,86
31630;11,04
31633;11,63
31634;11,01
31636;12,9
31642;14,31
31644;10,31
31645;8,61
31646;8,78
31649;10,57
31650;10
31651;13,85
31652;11,33
31653;11,15
31654;10,83
31655;14,77
31658;11,04
31701;17,25
31702;17,39
31703;16,08
31704;15,03
31706;17,84
31707;15,65
31709;15,72
31710;14,53
31711;16,24
31712;14,83
31713;14,44
31714;17,99
31715;14,57
31716;16,26
31717;13,3
31718;15,65
31719;13,7
31723;13,47
31725;15,12
31726;16,71
31801;10,1
31802;12,73
31803;8,96
31804;12,54
31805;8,77
31806;13,4
31807;9,74
31808;14,31
31809;10,87
31810;10,4
31811;11,95
31812;10,8
31813;9,65
31814;12,72
31815;9,01
31817;16,24
31818;9,29
31820;11,38
31821;9,84
31823;13,22
31825;11,07
31826;12,24
31827;14,29
31829;11,5
31830;12,86
31831;16,21
31832;12,31
31833;10,26
31834;9,63
31835;11,63
31836;7,61
31837;13,78
31838;11,36
31839;10,68
31840;11,52
31841;11,55
31842;10,59
31843;9,63
31844;13,15
31845;14,02
31846;8,04
31847;15,57
31848;11,71
31849;14,69
31901;11,43
31902;13,01
31903;11,76
31904;12,5
31905;12,83
31906;6,93
31907;12,23
31909;10,4
31910;11,81
31911;10,92
31912;8,7
31913;13,5
31915;10,3
31916;13,8
31917;14,25
31918;8,11
31919;10,39
31920;5,82
31921;13,92
31922;9,76
31923;10,87
31925;12,75
31926;12,64
31927;10,75
31928;12
31929;12,1
31930;12,58
31932;13,15
31934;11,11
31935;9,48
31938;13,69
31939;8,6
31940;11,33
31941;9,96
31943;11,02
31945;11,41
31946;11,79
31947;9,7
31948;10,44
31949;14,2
31950;13,77
31951;13,87
31952;11,41
31953;14,51
31954;12,09
32001;9,07
32002;9,67
32003;10,14
32004;8,35
32005;10,36
32006;8,19
32007;7,23
32008;8,64
32009;6,67
32010;5,99
32011;5,12
32012;8
32013;9,65
32014;11,93
32015;8,88
32016;9,66
32017;10,39
32018;9,71
32101;13,46
32104;14,58
32106;13,92
32107;10,28
32109;11,44
32110;13,81
32112;12,34
32114;12,71
32115;11,45
32116;15,45
32119;12,8
32120;13,69
32131;12,14
32132;12,02
32134;15,71
32135;13,29
32139;12,25
32140;15
32141;10,32
32142;14,44
32143;12,46
32144;12,41
32202;7,36
32203;10,85
32206;9,46
32207;8,76
32209;9,3
32210;10,22
32212;11,62
32214;15,77
32216;12,69
32217;11,19
32219;11,59
32220;12,87
32221;14,21
32222;10,08
32223;10,26
32301;13,29
32302;11,35
32304;9,13
32305;10,13
32306;14,88
32307;10,79
32308;9,98
32309;12,4
32310;10,33
32311;16
32312;13,05
32313;14,41
32314;12,94
32315;13,76
32316;12,56
32317;13,58
32318;11,13
32319;14,78
32320;15,44
32321;12,84
32322;14,98
32323;10,37
32324;12,39
32325;12,14
32326;12,23
32327;10,22
32330;12,41
32331;13,44
32332;10,73
32333;13,02
32334;15,04
32335;12,11
32336;13,96
32337;13,2
32338;13,29
32501;9,97
32502;8,76
32503;8,9
32504;9,04
32505;11,03
32506;9,27
32508;8,99
32509;8,43
32511;9,13
32514;8,12
32515;7,09
32516;7,62
32517;10,75
32518;10,32
32519;8,96
32520;9,5
32521;10,95
32522;8,08
32523;7,09
32524;9,38
32525;10,13
32528;9,21
32529;9,26
32530;10,91
40101;7,84
40201;7,75
40301;7,29
40401;8,94
40402;8,61
40403;8,39
40404;8,46
40405;10,19
40406;8,73
40407;7,42
40408;11,8
40409;8,65
40410;8,34
40411;10,57
40412;10,75
40413;5,56
40414;11,83
40415;5,15
40416;7,67
40417;10,24
40418;7,75
40419;10,25
40420;10,34
40421;6,63
40422;5,63
40423;12,72
40424;9,42
40425;8,61
40426;8,77
40427;10,09
40428;10,85
40429;10,41
40430;9
40431;9,64
40432;7,09
40433;7,79
40434;6,2
40435;11,28
40436;7,59
40437;9,6
40438;9,57
40439;10,92
40440;10,68
40441;8,55
40442;12,21
40443;9,66
40444;8,35
40445;11,03
40446;10,06
40501;10,57
40502;7,41
40503;6,92
40504;11,1
40505;10,39
40506;10,1
40507;10,47
40508;8,37
40509;10,3
40510;8,99
40511;10,96
40512;9,34
40601;9,42
40602;8,72
40603;8,95
40604;9,34
40605;8,59
40606;8,72
40607;10,45
40608;6,23
40609;10,39
40610;9,01
40611;7,44
40612;10,98
40613;7,19
40614;10,32
40615;11,39
40616;8,8
40617;7,56
40618;7,49
40619;8,64
40620;10,46
40621;6,33
40622;12,02
40623;10,22
40624;11,29
40625;10,39
40626;8,73
40627;8,51
40701;10,38
40702;10,27
40703;9,96
40704;9,15
40705;9,74
40706;10,67
40707;10,94
40708;10,68
40709;10,07
40710;9,16
40711;8,67
40712;10,24
40713;11,49
40714;9,47
40715;10,1
40716;8,53
40717;10,14
40718;13,75
40719;8,85
40720;7,79
40801;10,75
40802;8,05
40804;6,35
40805;7,82
40806;9,67
40807;7,28
40808;8
40809;9,32
40810;9,45
40811;7,45
40812;8,39
40813;8,91
40814;9,44
40815;9,73
40816;6,91
40817;6,61
40818;7,78
40820;8,3
40821;9,04
40822;7,65
40823;9,09
40824;9,94
40825;11,72
40826;8,92
40827;8,93
40828;6,13
40829;8,1
40830;10,78
40831;8,36
40832;11,08
40833;10,43
40834;6,39
40835;8,64
40901;9,07
40902;6,65
40903;9,59
40904;8,97
40905;8,7
40906;6,53
40907;10,15
40908;9,38
40909;8,6
40910;9,28
40911;11,48
40912;8,01
40913;10,26
40914;8,24
40915;10,51
40916;6,35
40917;9,5
40918;8,31
40919;8,33
40920;8,63
40921;12,93
40922;8,85
40923;9,46
41001;12,92
41002;7,43
41003;8,93
41004;11,32
41005;8,52
41006;13,78
41007;9,67
41008;12,12
41009;9,79
41010;13,19
41011;11,28
41012;10,02
41013;13,08
41014;11,04
41015;14,59
41016;11,67
41017;10,52
41018;9,68
41019;11,62
41020;11,35
41021;7,85
41022;12
41101;10,92
41102;10,41
41103;9,8
41104;7,38
41105;6,77
41106;12,08
41107;9,11
41108;6,92
41109;8,37
41110;11,31
41111;8,41
41112;7,77
41113;9,31
41114;9,74
41115;8,5
41116;9,86
41117;8,35
41118;10,62
41119;5,44
41120;10,43
41121;6,59
41122;10,69
41123;10,07
41124;9,2
41125;8,11
41126;8,89
41201;8,58
41202;6,45
41203;7,5
41204;9,13
41205;9,84
41206;7,38
41207;9,32
41208;9,04
41209;10,05
41210;9,92
41211;6,92
41212;6,87
41213;9,12
41214;9,36
41215;8,63
41216;14,29
41217;9,84
41218;10,96
41219;5,66
41220;7,11
41221;11,43
41222;12,2
41223;8,69
41224;7,89
41225;7,43
41226;12,7
41227;8,49
41228;8,78
41229;9,74
41230;7,52
41231;9,55
41232;12,29
41233;9,07
41234;8,55
41235;7,76
41236;9,61
41304;9,05
41305;11,48
41306;8,76
41307;7,47
41309;9,56
41311;4,82
41312;9,74
41313;8,23
41314;8,68
41315;4,62
41316;10,37
41317;6,24
41318;10,13
41319;6,14
41320;10,03
41321;10,48
41322;10,92
41323;9,7
41324;8,29
41325;8,62
41326;8,68
41327;7,37
41328;10,29
41329;7,61
41331;10,81
41332;10,65
41333;6,54
41334;9,35
41336;10,14
41337;9,3
41338;8,24
41341;3,61
41342;8,97
41343;9,38
41344;10,04
41345;8,54
41346;9,09
41401;7,97
41402;6,81
41403;7,71
41404;6,13
41405;9,62
41406;8,46
41407;8,05
41408;6,57
41409;7,68
41410;7,77
41411;7,89
41412;8,43
41413;8,32
41414;7,03
41415;6,6
41416;8,73
41417;8,29
41418;8,13
41419;8,64
41420;6,75
41421;7,13
41422;7,51
41423;7,09
41424;9,5
41425;7,61
41426;6,83
41427;6,27
41428;5,65
41429;8,04
41430;7,84
41501;13,21
41502;13,85
41503;8,89
41504;13,9
41505;11,85
41506;10,35
41507;10,5
41508;9,59
41509;9,8
41510;9,37
41511;12,35
41512;7,71
41513;9,49
41514;12,11
41515;14,83
41516;11,02
41517;10,98
41518;10,25
41521;12,7
41522;9,59
41601;10,05
41602;12,69
41603;9,23
41604;10,91
41605;11,33
41606;12
41607;10,52
41608;13,73
41609;11,74
41610;11,37
41611;10,78
41612;10,13
41613;10,46
41614;11,1
41615;9,54
41616;9,91
41617;11,62
41618;11,29
41619;7,61
41620;9,48
41621;10,63
41622;9,64
41623;10,64
41624;10,76
41626;11,12
41627;11,33
41628;7,45
41701;8,14
41702;13,43
41703;6,13
41704;7,79
41705;9,75
41706;7,85
41707;10,83
41708;9,04
41709;9,55
41710;7,48
41711;11,01
41712;10,21
41713;8,39
41714;9,69
41715;10,71
41716;11,32
41717;10,57
41718;12,56
41719;9,82
41720;8,32
41721;8,63
41722;9,69
41723;10,07
41724;11,3
41725;11,04
41726;6,76
41727;12,58
41728;12,5
41729;6,64
41730;10,37
41731;9,55
41732;8,37
41733;14,47
41734;9,66
41735;11,07
41736;8,9
41737;10,92
41738;8,15
41739;11,01
41740;14,63
41741;10,23
41742;11,17
41743;8,93
41744;9,99
41745;13,14
41746;8,82
41747;8,43
41748;6,55
41749;10,97
41750;9,52
41751;10,51
41752;10,55
41801;11,68
41802;12,4
41803;10,24
41804;11,52
41805;12,13
41806;11,32
41807;12,1
41808;10,64
41809;14,08
41810;12,02
41811;7,92
41812;9,04
41813;11,28
41814;10,73
41815;13,64
41816;9,72
41817;11,67
41818;14,73
41819;11,67
41820;7,06
41821;11,23
41822;11,94
41823;9,91
41824;11,33
50101;7,84
50201;9,49
50202;13
50203;9,02
50204;11,49
50205;8,37
50206;11,6
50207;12,9
50208;12,46
50209;11,17
50210;8,06
50211;13,52
50212;12,3
50213;11,16
50301;10,64
50302;11,46
50303;11,22
50304;10,52
50305;10,86
50306;10,11
50307;10,24
50308;11,61
50309;10,88
50310;10,96
50311;10,75
50312;11,21
50313;12,73
50314;10,21
50315;10,35
50316;12,59
50317;10,27
50318;10,95
50319;10,97
50320;12,29
50321;10,83
50322;10,83
50323;11,59
50324;10,92
50325;11,76
50326;10,48
50327;12,98
50328;13,39
50329;11,65
50330;13,16
50331;7,89
50332;10,74
50335;8,41
50336;12,69
50337;11,48
50338;11,57
50339;10,81
50401;9,62
50402;7,94
50403;6,11
50404;6,67
50405;8,78
50406;7,68
50407;8,95
50408;9,25
50409;8,14
50410;8,24
50411;6,29
50412;4,25
50413;5,32
50414;11,7
50415;6,2
50416;9,57
50417;7,92
50418;8,38
50419;9,22
50420;7,67
50421;5,55
50422;12,41
50423;9,45
50424;8,55
50425;8,99
50501;8,95
50502;7,22
50503;10,3
50504;9,07
50505;3,32
50506;6,08
50507;6,08
50508;8,98
50509;9,26
50510;7,62
50511;10,87
50512;11,59
50513;12,05
50514;9,82
50515;5,7
50601;5,36
50602;8,28
50603;10,08
50604;11,22
50605;7,65
50606;8,52
50607;6,84
50608;5,09
50609;8,9
50610;8,48
50611;8,86
50612;7,34
50613;5,32
50614;6,93
50615;7,13
50616;8,19
50617;8,11
50618;8,84
50619;8,73
50620;9,85
50621;5,48
50622;6,77
50623;8,99
50624;7,04
50625;8,75
50626;6,09
50627;3,95
50628;6,9
60101;9,44
60305;11,33
60318;11,26
60323;9,02
60324;10,41
60326;11,31
60329;7,95
60341;10,82
60344;11,09
60345;8,33
60346;10,69
60347;10,56
60348;9,95
60349;8,94
60350;10,8
60351;8,98
60608;9,56
60611;12,04
60613;9,87
60617;10,7
60618;11,45
60619;12,85
60623;9,52
60624;10,73
60626;11,22
60628;10,15
60629;11,77
60632;8,26
60639;10,66
60641;11,27
60642;11,81
60645;10,5
60646;13,01
60647;7,79
60648;10,68
60651;9,43
60653;10,91
60654;10,79
60655;9,42
60656;14,01
60659;8,61
60660;13,92
60661;9,04
60662;11,35
60663;10,8
60664;11,39
60665;11,17
60666;11,36
60667;13,48
60668;8,98
60669;11,39
60670;12,45
61001;10,37
61002;6,3
61007;9,75
61008;7,39
61012;10,9
61013;7,9
61016;5,33
61017;10,38
61019;8,36
61020;11,52
61021;10,16
61024;6,53
61027;9,69
61030;8,23
61032;7,72
61033;9,02
61043;9,85
61045;9,28
61049;7,08
61050;6,99
61051;8,83
61052;9,07
61053;9,54
61054;5,87
61055;11,14
61057;8,59
61059;9,15
61060;7,74
61061;7,42
61101;9,5
61105;7,6
61106;8,85
61107;10,9
61108;9,9
61109;7,86
61110;9,01
61111;12,57
61112;5,11
61113;9,26
61114;11,97
61115;11,02
61116;12,31
61118;8,91
61119;9,49
61120;10,45
61203;10,67
61204;10,53
61205;6,94
61206;7,73
61207;9,47
61213;9,14
61215;10,03
61217;9,75
61222;9,8
61236;9,8
61243;7,65
61247;9,61
61251;5,91
61252;8,19
61253;9,13
61254;9,78
61255;9,06
61256;14,01
61257;9,09
61258;9,06
61259;8,23
61260;6,65
61261;11,21
61262;9,26
61263;9,87
61264;8,68
61265;9,27
61266;7,25
61267;8,77
61410;11,9
61413;10,03
61425;8,82
61428;10,51
61437;6,82
61438;9,56
61439;11,6
61440;7,96
61441;7,91
61442;8,28
61443;7,35
61444;8,8
61445;9,02
61446;7,82
61611;13,09
61612;11,62
61615;10,76
61618;11,65
61621;8,7
61624;9,78
61625;12,08
61626;11,74
61627;9,13
61628;6,36
61629;10,53
61630;11,47
61631;11,14
61632;11,13
61633;12,87
61701;11,64
61708;7,98
61710;8,32
61711;6,1
61716;8,89
61719;10,74
61727;11,47
61728;7,57
61729;13,2
61730;15,27
61731;9,09
61740;10,06
61741;9,4
61743;7,76
61744;4,87
61745;9,59
61746;10,76
61748;9,39
61750;6,58
61751;10,66
61756;10
61757;7,57
61758;9,74
61759;11,66
61760;11,81
61761;11,54
61762;9,85
61763;8,8
61764;9,75
61765;12,29
61766;11,54
62007;9,85
62008;10,1
62010;9,6
62014;15,25
62021;15,04
62026;12,9
62032;14,24
62034;10,76
62036;7,83
62038;8,39
62039;11,12
62040;8,45
62041;6,54
62042;9,41
62043;9,62
62044;10,46
62045;13,07
62046;10,58
62047;10,93
62048;14,45
62105;10,37
62115;13,76
62116;10,89
62125;13,53
62128;14,85
62131;9,64
62132;7,86
62135;9,73
62138;12,23
62139;12,07
62140;9,43
62141;11,88
62142;8,98
62143;10,03
62144;9,65
62145;12,16
62146;12,44
62147;7,82
62148;10,06
62202;8,08
62205;8,55
62206;8,04
62209;8,39
62211;11,75
62214;9,89
62216;10,87
62219;11,14
62220;9,3
62226;11,04
62232;8,73
62233;12,09
62235;7,6
62242;8,18
62244;10,59
62245;9,36
62247;9,69
62252;8,68
62256;11,28
62262;10,32
62264;9,6
62265;11,67
62266;8,96
62267;9,99
62268;10,84
62269;10,03
62270;6,39
62271;10,27
62272;10,72
62273;8,81
62274;8,82
62275;7,85
62276;9,55
62277;9,66
62278;9,62
62279;9,06
62311;8,41
62314;7,6
62326;7,06
62330;7,58
62332;6,69
62335;8,5
62343;8,49
62368;9,89
62372;6,99
62375;8,56
62376;5,99
62377;7,36
62378;8,4
62379;9,27
62380;7,59
62381;7,78
62382;8,58
62383;7,24
62384;7,99
62385;8,73
62386;8,45
62387;6,34
62388;7,35
62389;7,9
62390;8,02
70101;7,38
70201;9,36
70202;10,12
70203;8,44
70204;7,43
70205;5,96
70206;9,92
70207;10,26
70208;7,23
70209;10,65
70210;6,69
70211;9
70212;8,76
70213;10,66
70214;9,6
70215;8,41
70216;9,55
70217;8,11
70218;9,45
70219;10,05
70220;9,44
70221;8,75
70222;8,2
70223;7,45
70224;8,15
70301;11,46
70302;12,06
70303;9,65
70304;10,89
70305;9,85
70306;9,87
70307;12,76
70308;9,41
70309;10,79
70310;10,29
70311;14,63
70312;10,29
70313;7,16
70314;7,54
70315;7,04
70317;7,23
70318;11,52
70319;13,08
70320;10,97
70322;11,12
70323;10,68
70325;11,11
70326;9,33
70327;8,63
70328;10,83
70329;13,62
70330;9,81
70331;9,52
70332;11,06
70333;7,16
70334;9,34
70335;10,12
70336;9,85
70337;10,87
70338;12,58
70339;12,08
70340;9,22
70341;10,16
70342;8,98
70343;11,97
70344;9,87
70345;12,33
70346;9,5
70347;6,86
70348;10,77
70349;5,4
70350;9,35
70351;9,47
70352;10,09
70353;10,83
70354;7,96
70355;11,85
70356;11,67
70357;7,87
70358;11,66
70359;13,66
70360;10,91
70361;13,21
70362;4,79
70364;9,71
70365;10,14
70366;8,62
70367;9,16
70368;9,38
70369;11,4
70401;7,31
70402;7,16
70403;9,3
70404;8,36
70405;8,27
70406;7,74
70407;7,03
70408;6,03
70409;7,73
70410;7,79
70411;7,69
70412;7,52
70413;9,67
70414;10,6
70415;8,17
70416;8,83
70417;10,04
70418;7,44
70419;8,05
70420;7,87
70501;6,55
70502;7,3
70503;10,3
70504;7,94
70505;7,91
70506;8,49
70508;9,98
70509;9,45
70510;8,02
70511;8,54
70512;10,01
70513;7,56
70514;9,05
70515;8,84
70516;11,03
70517;8,72
70518;9,48
70519;5,75
70520;9,45
70521;9,96
70522;8,69
70523;6,75
70524;8,42
70525;9,15
70526;8,44
70527;8,64
70528;9,58
70529;6,64
70530;7,33
70531;6,74
70601;9,86
70602;5,66
70603;12,76
70604;7,44
70605;8,78
70606;9,87
70607;9,89
70608;13,01
70609;8,23
70610;5,24
70611;9,85
70612;7,52
70613;6,76
70614;6,42
70615;8,62
70616;8,3
70617;6,24
70618;11,01
70619;7,07
70620;6,03
70621;11,52
70622;8,67
70623;6,75
70624;12,05
70625;7,81
70626;7,87
70627;8,39
70628;7,09
70629;5,73
70630;8,73
70701;11,28
70702;8,78
70703;12,32
70704;8,76
70705;10,08
70706;9,7
70707;7,18
70708;9,18
70709;9,49
70710;6,59
70711;7,65
70712;7,01
70713;12,73
70714;9,9
70715;8,89
70716;8,57
70717;6,43
70718;11,18
70719;10,49
70720;8,88
70721;11,41
70723;8,71
70724;10,93
70725;7,28
70726;4,79
70727;5,69
70728;8,9
70729;10,71
70731;13,79
70732;9,52
70733;6,84
70734;5,64
70735;11,59
70801;6,33
70802;9,51
70803;7,18
70804;7,35
70805;9,02
70806;9,17
70807;9,21
70808;9,86
70809;7,35
70810;9,86
70811;6,82
70812;4,55
70813;5,73
70814;8,71
70815;7,69
70816;8,41
70817;9,8
70818;5,52
70819;6,67
70820;7,87
70821;9,05
70822;5,77
70823;2,22
70824;7,72
70825;11,67
70826;8,13
70827;11,94
70828;5,91
70829;9,34
70830;10,07
70831;5,65
70832;10,19
70833;7,55
70834;7,24
70835;10,34
70836;5,95
70837;13,97
70901;7,35
70902;5,81
70903;12,83
70904;4,95
70905;8,97
70907;8,64
70908;6,17
70909;6,88
70910;6,56
70911;6,89
70912;7,17
70913;4,96
70914;4,81
70915;4,79
70916;4,85
70917;7,9
70918;5,97
70920;7,39
70921;7,06
70922;5,85
70923;6,28
70924;7,89
70925;5,13
70926;7,61
70927;7,9
70928;10,8
70929;6,99
70930;8,61
70931;8,7
70932;4,56
70933;11,95
70934;6,92
70935;7,19
70936;9,09
70937;9,53
70938;8,71
70939;9,52
70940;7,27
70941;6,79
80101;8,86
80102;7,19
80103;6,61
80104;7,38
80105;8,76
80106;7,11
80107;8,44
80108;7,61
80109;8,12
80110;8,72
80111;6,46
80112;5,8
80113;19,4
80114;6,62
80115;8,84
80116;7,29
80117;10,71
80118;9,47
80119;7,89
80120;7,47
80121;7,21
80122;9,05
80123;6,85
80124;7,8
80125;12,5
80126;10,41
80127;11,38
80128;8,69
80129;8,93
80201;10,5
80202;9,83
80203;8,73
80204;7,88
80205;8,33
80206;8,89
80207;6,86
80208;11,08
80209;7,69
80210;9,35
80211;7,1
80212;11,36
80213;9,11
80214;11,01
80215;9,19
80216;6,34
80217;9,56
80218;9,09
80219;9,4
80220;9,88
80221;8,93
80222;8,37
80223;9,02
80224;9,28
80225;8,55
80226;8,43
80227;6,52
80228;3,94
80229;11,67
80230;5,31
80231;7,18
80232;7,03
80233;6,14
80234;8,41
80235;11,75
80236;8,18
80237;8,77
80238;9,12
80239;8,57
80240;11,25
80301;8,38
80302;7,57
80303;8,69
80401;9,81
80402;13,51
80403;4,65
80404;8,54
80405;8,44
80406;13,97
80407;10,46
80408;8,68
80409;10,46
80410;9,53
80411;6,83
80412;9,16
80413;8,69
80414;8,94
80415;11,34
80416;11,03
80417;9,04
80418;9,64
80419;9,34
80420;10,46
80421;9,82
80422;8,77
80423;10,16
80424;9,69
90101;7,94
90201;7,61
90301;8,83
90401;8,28
90501;7,87
90601;8,53
90701;8,56
90801;7,67
90901;7,73
91001;7,73
91101;8,21
91201;8,2
91301;9,47
91401;9,33
91501;7,72
91601;7,42
91701;7,81
91801;7,48
91901;8,29
92001;6,93
92101;8,93
92201;10,55
92301;11,07
